1,Rabbi Sweetzer,rsweetzer0@ucoz.ru,46705,10/29/2022
2,Dorthea Goacher,dgoacher1@google.de,64838,3/16/2023
3,Darcey Sherbrooke,dsherbrooke2@nhs.uk,84568,10/10/2022
4,Chevy Orneles,corneles3@marriott.com,90119,2/25/2023
5,Nonna O'Brian,nobrian4@51.la,52476,5/30/2022
6,Hayyim Grissett,hgrissett5@hostgator.com,66795,1/13/2023
7,Isaac Barends,ibarends6@ezinearticles.com,40401,5/30/2022
8,Aviva Addington,aaddington7@adobe.com,75522,10/23/2022
9,Kipper Cota,kcota8@phpbb.com,97059,2/12/2023
10,Maud Palfrey,mpalfrey9@wisc.edu,49568,3/28/2023
11,Ethelda Burwood,eburwooda@ow.ly,41036,11/14/2022
12,Eileen Creser,ecreserb@netlog.com,95853,11/18/2022
13,Marijn Tapenden,mtapendenc@usa.gov,82058,4/17/2023
14,Phelia Pepperd,ppepperdd@altervista.org,70628,6/12/2022
15,Chelsey Chasmer,cchasmere@163.com,88295,11/1/2022
16,Ernest Turfus,eturfusf@phpbb.com,39904,9/29/2022
17,Bee Hellin,bhelling@cpanel.net,65507,2/6/2023
18,Bernadette Punton,bpuntonh@census.gov,60428,12/10/2022
19,Samuel Parrett,sparretti@pen.io,72211,10/4/2022
20,Felike Goodlatt,fgoodlattj@archive.org,72664,7/20/2022
21,Leontine Colquhoun,lcolquhounk@digg.com,98121,11/9/2022
22,Kean Batie,kbatiel@ucla.edu,36298,10/14/2022
23,Harlen Steagall,hsteagallm@cargocollective.com,47190,8/31/2022
24,Rochell Fores,rforesn@live.com,52996,2/28/2023
25,Giulia Deal,gdealo@elegantthemes.com,59253,1/25/2023
26,Lucretia Colby,lcolbyp@fda.gov,61115,10/26/2022
27,Laural Westwater,lwestwaterq@miitbeian.gov.cn,25602,12/10/2022
28,Mia Kipping,mkippingr@webs.com,30403,6/14/2022
29,Ki Bonifazio,kbonifazios@blog.com,81614,10/21/2022
30,Teresina Zealander,tzealandert@chronoengine.com,33405,9/9/2022
31,Carney Capp,ccappu@ehow.com,93502,12/3/2022
32,Janel Hymer,jhymerv@taobao.com,55446,4/18/2023
33,Rab Hallut,rhallutw@ning.com,88455,5/22/2022
34,Teresina Rennick,trennickx@statcounter.com,47109,1/9/2023
35,Gwenny Gilbody,ggilbodyy@weebly.com,38495,8/2/2022
36,Wilfrid Hegarty,whegartyz@freewebs.com,52278,10/16/2022
37,Brander Botten,bbotten10@bbb.org,26606,9/20/2022
38,Mariska McDirmid,mmcdirmid11@github.io,73179,7/13/2022
39,Ellene Brimner,ebrimner12@liveinternet.ru,35842,7/23/2022
40,Pauly Bullocke,pbullocke13@mozilla.org,86907,4/25/2023
41,Parke Masterton,pmasterton14@state.gov,54583,2/18/2023
42,Sibylle Reisin,sreisin15@opera.com,57333,5/22/2022
43,Iorgo Ivannikov,iivannikov16@blog.com,54492,10/31/2022
44,Lillian Farran,lfarran17@delicious.com,61598,12/22/2022
45,Alphard Southard,asouthard18@canalblog.com,81453,4/14/2023
46,Dotti Lutwyche,dlutwyche19@theglobeandmail.com,51236,1/19/2023
47,Dorthy Cobbald,dcobbald1a@bbb.org,86984,4/28/2022
48,Antonina Dymock,adymock1b@issuu.com,69675,6/25/2022
49,Mart Yon,myon1c@arstechnica.com,71897,11/26/2022
50,Rancell Lamble,rlamble1d@unicef.org,98463,7/29/2022
51,Joseph Creedland,jcreedland1e@berkeley.edu,83873,12/29/2022
52,Wendel Casotti,wcasotti1f@ehow.com,76800,11/3/2022
53,Gardener Simmonett,gsimmonett1g@intel.com,39352,1/22/2023
54,Benoite Tregale,btregale1h@fema.gov,27269,11/19/2022
55,Walther Ducroe,wducroe1i@canalblog.com,79248,9/30/2022
56,Isaak Hurren,ihurren1j@bloomberg.com,48850,3/12/2023
57,Barri Clampe,bclampe1k@oaic.gov.au,71976,3/23/2023
58,Peta Grzeszczak,pgrzeszczak1l@gizmodo.com,58958,11/26/2022
59,Maisie Officer,mofficer1m@imgur.com,29916,6/5/2022
60,Kimble Vibert,kvibert1n@mayoclinic.com,50484,9/26/2022
61,Olivero Swinney,oswinney1o@free.fr,34069,5/31/2022
62,Bearnard O'Kynsillaghe,bokynsillaghe1p@usnews.com,83400,4/8/2023
63,Lindi Gretham,lgretham1q@netscape.com,54347,2/12/2023
64,Rebekkah Chalfain,rchalfain1r@deviantart.com,39185,2/20/2023
65,Illa Pymer,ipymer1s@harvard.edu,32867,9/30/2022
66,Nicholle Aicken,naicken1t@tamu.edu,65035,2/26/2023
67,Diane-marie Gorvin,dgorvin1u@seesaa.net,65142,10/19/2022
68,Bertram Thripp,bthripp1v@amazon.co.jp,71087,2/2/2023
69,Justen Akehurst,jakehurst1w@businesswire.com,86142,6/23/2022
70,Oralle Binford,obinford1x@g.co,26193,3/14/2023
71,Garvey Trevon,gtrevon1y@state.tx.us,58558,8/22/2022
72,Raf Midden,rmidden1z@bloglines.com,28891,2/10/2023
73,Doreen Maylour,dmaylour20@blinklist.com,60485,9/22/2022
74,Miguela Ghelardoni,mghelardoni21@surveymonkey.com,75307,7/3/2022
75,Meredith Dorkins,mdorkins22@europa.eu,44826,4/20/2023
76,Ferdie Wilford,fwilford23@nhs.uk,28281,4/25/2023
77,Dorisa Duddin,dduddin24@europa.eu,48707,10/9/2022
78,Berti Laight,blaight25@issuu.com,35065,8/6/2022
79,Donica Hebden,dhebden26@facebook.com,85397,1/27/2023
80,Marcile Riccetti,mriccetti27@naver.com,93263,3/16/2023
81,Kermy Vennart,kvennart28@arizona.edu,82119,4/30/2022
82,Salim Hazeup,shazeup29@ow.ly,56587,7/2/2022
83,Filip Dyte,fdyte2a@japanpost.jp,50813,4/4/2023
84,Ulla Edling,uedling2b@mayoclinic.com,56127,8/21/2022
85,Miller Baversor,mbaversor2c@google.com.br,64044,10/16/2022
86,Marion Lodemann,mlodemann2d@thetimes.co.uk,73735,3/21/2023
87,Amity Thorington,athorington2e@yahoo.co.jp,71654,12/29/2022
88,Mary Fierman,mfierman2f@yolasite.com,73732,10/2/2022
89,Cathryn Julien,cjulien2g@independent.co.uk,94694,3/25/2023
90,Xylina Unwin,xunwin2h@digg.com,74562,1/31/2023
91,Kati Peerman,kpeerman2i@home.pl,56374,10/15/2022
92,Jasper Goodley,jgoodley2j@google.co.jp,78391,7/9/2022
93,Sherlock Arthur,sarthur2k@gravatar.com,87207,4/16/2023
94,Claudius Newcome,cnewcome2l@feedburner.com,41694,11/3/2022
95,Janine Argont,jargont2m@gnu.org,42380,9/5/2022
96,Janenna Woodgate,jwoodgate2n@harvard.edu,33256,9/17/2022
97,Dorthy Nosworthy,dnosworthy2o@icq.com,56860,5/7/2022
98,Dora Whatmough,dwhatmough2p@imageshack.us,80808,11/7/2022
99,Hilary Holtaway,hholtaway2q@hexun.com,27920,1/18/2023
100,Tim Pischof,tpischof2r@nymag.com,55760,7/14/2022
101,Pauletta Brookes,pbrookes2s@ehow.com,55915,3/27/2023
102,Theodor Jenkinson,tjenkinson2t@ca.gov,35090,10/5/2022
103,Aldous Mabbe,amabbe2u@geocities.com,68854,4/28/2022
104,Norrie Kleinberer,nkleinberer2v@senate.gov,35362,1/11/2023
105,Gillie Courtin,gcourtin2w@sciencedirect.com,88978,6/21/2022
106,Catie Hickin,chickin2x@opensource.org,50955,9/11/2022
107,Katrinka Acaster,kacaster2y@ezinearticles.com,99420,4/23/2023
108,Hollie Scampion,hscampion2z@lycos.com,74568,9/16/2022
109,Jonathon Birkby,jbirkby30@slideshare.net,31154,8/24/2022
110,Meggie Perassi,mperassi31@prweb.com,30274,2/22/2023
111,Meridith Cucuzza,mcucuzza32@squarespace.com,83513,8/24/2022
112,Lloyd Dabel,ldabel33@state.tx.us,89383,12/4/2022
113,Alfie Fossey,afossey34@ehow.com,36544,3/30/2023
114,Elvina Sibyllina,esibyllina35@sciencedaily.com,93536,1/15/2023
115,Sandra Oguz,soguz36@hud.gov,26783,9/25/2022
116,Mariana Van der Hoeven,mvan37@icio.us,90662,9/24/2022
117,August Luckham,aluckham38@bigcartel.com,70219,10/6/2022
118,Pammy Dommerque,pdommerque39@nifty.com,35925,12/25/2022
119,Judah Hynde,jhynde3a@miibeian.gov.cn,39477,4/8/2023
120,Rhonda Bernini,rbernini3b@meetup.com,73430,3/11/2023
121,Blisse Bravery,bbravery3c@abc.net.au,57592,11/22/2022
122,Jourdan Gunningham,jgunningham3d@wikipedia.org,91339,3/26/2023
123,Lionel Saul,lsaul3e@parallels.com,84107,12/31/2022
124,Jessika Bum,jbum3f@dot.gov,95527,10/2/2022
125,Mirelle Milne,mmilne3g@flickr.com,98044,5/30/2022
126,Hanan Colmore,hcolmore3h@alexa.com,63789,12/2/2022
127,Julita Offa,joffa3i@examiner.com,48828,7/11/2022
128,Germaine Tomkies,gtomkies3j@amazonaws.com,85838,6/5/2022
129,Pavel Dillimore,pdillimore3k@wikipedia.org,28772,10/31/2022
130,Keir Ziemen,kziemen3l@dot.gov,68503,10/8/2022
131,Janella O'Heffernan,joheffernan3m@abc.net.au,82237,9/16/2022
132,Karena Kausche,kkausche3n@sbwire.com,29360,10/3/2022
133,Dorise Frizzell,dfrizzell3o@surveymonkey.com,29732,11/14/2022
134,Tann Frede,tfrede3p@g.co,75405,12/1/2022
135,Annalise Kerin,akerin3q@hhs.gov,33671,11/5/2022
136,Margaret Kirkam,mkirkam3r@naver.com,41216,8/25/2022
137,Alix Jacobovitch,ajacobovitch3s@tamu.edu,90549,11/16/2022
138,Rebekah Simeon,rsimeon3t@irs.gov,33719,2/22/2023
139,Annette Sweed,asweed3u@earthlink.net,46957,9/6/2022
140,Rockie Gianolini,rgianolini3v@patch.com,80181,1/14/2023
141,Schuyler Murkin,smurkin3w@google.com.hk,79673,2/4/2023
142,Chic Woolstenholmes,cwoolstenholmes3x@narod.ru,80384,6/24/2022
143,Jud Maxweell,jmaxweell3y@hud.gov,75373,4/29/2022
144,Winslow Gunthorp,wgunthorp3z@redcross.org,56177,11/17/2022
145,Roxana Goter,rgoter40@last.fm,85230,9/24/2022
146,Adaline Lothlorien,alothlorien41@prnewswire.com,34243,11/15/2022
147,Casper Roughley,croughley42@google.fr,91014,6/3/2022
148,Con Levensky,clevensky43@miibeian.gov.cn,91034,5/28/2022
149,Shae Neesam,sneesam44@amazonaws.com,44395,11/1/2022
150,Henrie Pascow,hpascow45@4shared.com,88122,2/5/2023
151,Barry Mix,bmix46@usa.gov,63439,10/31/2022
152,Vernice Humpherson,vhumpherson47@deliciousdays.com,57178,2/7/2023
153,Siouxie Julien,sjulien48@bluehost.com,62657,4/16/2023
154,Burlie Constable,bconstable49@msu.edu,38008,8/30/2022
155,Millicent Glewe,mglewe4a@posterous.com,38719,7/27/2022
156,Geoffrey Voase,gvoase4b@sohu.com,80847,1/21/2023
157,Cob Gallo,cgallo4c@berkeley.edu,71271,8/17/2022
158,Loria Shepherdson,lshepherdson4d@phpbb.com,75890,4/23/2023
159,Town MacKall,tmackall4e@aboutads.info,79835,10/7/2022
160,Helsa Menere,hmenere4f@cbslocal.com,93164,2/1/2023
161,Ivory Nibley,inibley4g@marketwatch.com,90539,5/16/2022
162,Thomasina Helwig,thelwig4h@house.gov,74749,3/7/2023
163,Carleton Smidmore,csmidmore4i@businesswire.com,59182,4/2/2023
164,Eugene Deluce,edeluce4j@businesswire.com,79584,3/15/2023
165,Paten Stilling,pstilling4k@ebay.co.uk,80486,2/5/2023
166,Adi Connaughton,aconnaughton4l@digg.com,90693,11/1/2022
167,Clint Lopez,clopez4m@behance.net,48352,3/26/2023
168,Pierre Ambler,pambler4n@1und1.de,67273,4/25/2023
169,Flint Akid,fakid4o@hugedomains.com,48530,3/26/2023
170,Carlo Beretta,cberetta4p@bloomberg.com,81481,11/28/2022
171,Zaneta Stayt,zstayt4q@hc360.com,99178,7/10/2022
172,Katrina Kornyakov,kkornyakov4r@foxnews.com,69468,4/21/2023
173,Filmer Bowra,fbowra4s@godaddy.com,31025,3/10/2023
174,Arnoldo Thies,athies4t@intel.com,38639,7/8/2022
175,Kristos Pomery,kpomery4u@wisc.edu,44479,4/15/2023
176,Armando Le Floch,ale4v@google.cn,62890,2/14/2023
177,Gertruda Roxburch,groxburch4w@businessinsider.com,62050,11/20/2022
178,Hyacintha Demelt,hdemelt4x@wikipedia.org,91165,1/14/2023
179,Correy MacBain,cmacbain4y@google.es,26301,10/11/2022
180,Binny Echalie,bechalie4z@sphinn.com,71492,1/22/2023
181,Blancha Livezley,blivezley50@tinypic.com,47812,2/8/2023
182,Emeline Morriarty,emorriarty51@reddit.com,51834,10/26/2022
183,Elden Mounsie,emounsie52@fotki.com,33376,12/8/2022
184,Jesse Geane,jgeane53@google.it,97187,3/18/2023
185,Bernadene Edmons,bedmons54@patch.com,89995,1/23/2023
186,Jodie Bortoli,jbortoli55@oracle.com,93541,8/3/2022
187,Kellen Bogie,kbogie56@xrea.com,71127,10/5/2022
188,Isabelle Gladebeck,igladebeck57@blog.com,82447,10/24/2022
189,Dasie Pley,dpley58@dagondesign.com,88413,8/14/2022
190,Konstantine Jubb,kjubb59@qq.com,34479,2/7/2023
191,Janeen Caslett,jcaslett5a@dot.gov,49905,10/22/2022
192,Nariko Augur,naugur5b@theglobeandmail.com,95808,10/16/2022
193,Darlleen Klaassens,dklaassens5c@amazonaws.com,50238,11/4/2022
194,Myrilla Cartmael,mcartmael5d@phpbb.com,86091,1/19/2023
195,Chaim Barham,cbarham5e@homestead.com,92558,4/22/2023
196,Jake Drable,jdrable5f@ted.com,80773,4/14/2023
197,Judith Repp,jrepp5g@edublogs.org,88274,3/29/2023
198,Tanitansy Philippeaux,tphilippeaux5h@themeforest.net,47419,8/10/2022
199,Brook Giacomoni,bgiacomoni5i@angelfire.com,29965,10/14/2022
200,Jacinthe Pabel,jpabel5j@simplemachines.org,29021,10/26/2022
201,Libbey Reedie,lreedie5k@upenn.edu,27762,4/5/2023
202,Elwood Melmoth,emelmoth5l@disqus.com,46073,9/4/2022
203,Elysha Barnard,ebarnard5m@comcast.net,42055,11/11/2022
204,Chelsie Mattiello,cmattiello5n@shutterfly.com,74769,9/30/2022
205,Guss Luckey,gluckey5o@yelp.com,56743,11/5/2022
206,Candra Chattaway,cchattaway5p@networksolutions.com,36470,12/14/2022
207,Maia Turrell,mturrell5q@ftc.gov,52135,9/5/2022
208,Clarinda Restall,crestall5r@storify.com,86993,1/7/2023
209,Rickie Polo,rpolo5s@mtv.com,29130,7/22/2022
210,Simonne Amiranda,samiranda5t@irs.gov,37001,12/21/2022
211,Sayres Polleye,spolleye5u@sitemeter.com,73791,2/18/2023
212,Cecily Duchesne,cduchesne5v@sphinn.com,54137,12/12/2022
213,Rodrigo Knock,rknock5w@hibu.com,52897,12/4/2022
214,Brook Cerith,bcerith5x@storify.com,31816,1/26/2023
215,Doralia Raun,draun5y@biglobe.ne.jp,40063,12/10/2022
216,Hymie Taye,htaye5z@de.vu,53857,3/17/2023
217,Gradeigh Meyrick,gmeyrick60@walmart.com,54146,7/7/2022
218,Giusto Sprouls,gsprouls61@upenn.edu,55377,11/30/2022
219,Martino Ledson,mledson62@bloglines.com,91874,2/25/2023
220,Ronny Mulvagh,rmulvagh63@merriam-webster.com,29083,10/30/2022
221,Leonelle Garthshore,lgarthshore64@prweb.com,52699,7/20/2022
222,D'arcy Whitewood,dwhitewood65@noaa.gov,42398,4/21/2023
223,Godard Buncher,gbuncher66@hexun.com,75375,9/28/2022
224,Ludovika Yarranton,lyarranton67@whitehouse.gov,54051,7/19/2022
225,Meris Meriott,mmeriott68@wp.com,64184,1/2/2023
226,Orv Emmott,oemmott69@parallels.com,86664,2/10/2023
227,Marika Carlone,mcarlone6a@bloomberg.com,41198,4/15/2023
228,Ozzy Stuttard,ostuttard6b@deliciousdays.com,55445,6/24/2022
229,Garek Simmers,gsimmers6c@jigsy.com,87081,1/28/2023
230,Goldarina Blincowe,gblincowe6d@go.com,75144,8/4/2022
231,Ethelin Tabner,etabner6e@columbia.edu,82957,7/20/2022
232,Zaccaria Roffey,zroffey6f@ehow.com,95283,5/20/2022
233,Thatch Partrick,tpartrick6g@cbc.ca,60597,9/8/2022
234,Rodolph Espinho,respinho6h@jalbum.net,65635,10/19/2022
235,Ardyth Robjents,arobjents6i@hc360.com,40437,8/18/2022
236,Carissa Vardie,cvardie6j@ted.com,54857,9/10/2022
237,Cissy Coling,ccoling6k@dell.com,79675,2/14/2023
238,Kingsley Clubley,kclubley6l@cpanel.net,44596,9/29/2022
239,Ellene Wainwright,ewainwright6m@icq.com,91678,3/25/2023
240,Graehme Stirman,gstirman6n@topsy.com,31150,1/18/2023
241,Zelma Greyes,zgreyes6o@symantec.com,65697,8/15/2022
242,Ruthann Hiddy,rhiddy6p@sohu.com,73164,9/26/2022
243,Boy Whitwell,bwhitwell6q@amazon.com,28052,2/6/2023
244,Pyotr Stanborough,pstanborough6r@fda.gov,73211,8/24/2022
245,Wildon Layhe,wlayhe6s@patch.com,78434,12/13/2022
246,Phillipp Webland,pwebland6t@java.com,77194,3/23/2023
247,Sharyl Pople,spople6u@paypal.com,99122,9/7/2022
248,Weidar Bird,wbird6v@com.com,75704,1/31/2023
249,Germana Oades,goades6w@shutterfly.com,25831,9/11/2022
250,Erl Stearnes,estearnes6x@apple.com,58580,6/23/2022
251,Gianni Dunbavin,gdunbavin6y@epa.gov,75906,12/18/2022
252,Teddie Snaden,tsnaden6z@yahoo.co.jp,27418,11/14/2022
253,Obadias Gerin,ogerin70@mysql.com,73567,5/31/2022
254,Ellyn Lambrick,elambrick71@gmpg.org,27070,6/19/2022
255,Pebrook Chesterman,pchesterman72@wikipedia.org,62062,1/9/2023
256,Holt Klemensiewicz,hklemensiewicz73@google.cn,89099,8/18/2022
257,Magdalena Litchmore,mlitchmore74@stanford.edu,87631,7/24/2022
258,Jerome Cumes,jcumes75@jugem.jp,57902,1/11/2023
259,Lorelle Rontsch,lrontsch76@epa.gov,39375,9/14/2022
260,Lutero Heffron,lheffron77@sohu.com,54149,10/19/2022
261,Leland Clemmensen,lclemmensen78@kickstarter.com,51277,8/11/2022
262,Tatum Graalman,tgraalman79@google.fr,91239,2/22/2023
263,Emmeline Mullis,emullis7a@technorati.com,40744,10/7/2022
264,Artair Huckerbe,ahuckerbe7b@feedburner.com,69556,5/21/2022
265,Nichole Cosbee,ncosbee7c@webs.com,75663,10/13/2022
266,Philomena Trodler,ptrodler7d@unicef.org,40815,12/23/2022
267,Antony Dacres,adacres7e@skyrock.com,66823,1/15/2023
268,Helaine O'Rourke,horourke7f@virginia.edu,25037,4/4/2023
269,Maxwell Attrill,mattrill7g@weather.com,99292,6/16/2022
270,Binky Mandal,bmandal7h@i2i.jp,87139,7/21/2022
271,Joyce Stallion,jstallion7i@chicagotribune.com,91872,11/28/2022
272,Greg Reuther,greuther7j@cornell.edu,60208,7/29/2022
273,Roseline Nare,rnare7k@wordpress.org,69722,10/24/2022
274,Tuckie Manuaud,tmanuaud7l@sfgate.com,55520,5/17/2022
275,Janelle Latta,jlatta7m@posterous.com,71861,11/22/2022
276,Mirella Belsher,mbelsher7n@guardian.co.uk,73233,4/30/2022
277,Holt Trussman,htrussman7o@jugem.jp,80357,10/2/2022
278,Margarette Hollington,mhollington7p@huffingtonpost.com,81412,1/17/2023
279,Charo Goodspeed,cgoodspeed7q@mail.ru,29573,10/18/2022
280,Abner Frobisher,afrobisher7r@europa.eu,44772,4/15/2023
281,Maryl Petts,mpetts7s@rambler.ru,40576,6/16/2022
282,Matthieu Sambell,msambell7t@springer.com,91057,9/12/2022
283,Hyacinth Damerell,hdamerell7u@nba.com,87734,7/2/2022
284,Toinette Marchiso,tmarchiso7v@pinterest.com,70516,4/17/2023
285,Travers Trunkfield,ttrunkfield7w@smugmug.com,25702,9/20/2022
286,Fee Dearlove,fdearlove7x@cdc.gov,73984,8/24/2022
287,Brett Asquez,basquez7y@ow.ly,38502,2/20/2023
288,Patrizia Undrell,pundrell7z@geocities.jp,62854,11/29/2022
289,Clayson Esparza,cesparza80@addthis.com,95770,9/21/2022
290,Jaclyn Domenge,jdomenge81@youku.com,29082,1/3/2023
291,Ame Fogel,afogel82@bigcartel.com,84004,2/8/2023
292,Hedvige Bleibaum,hbleibaum83@github.com,92304,5/16/2022
293,Paige Torrans,ptorrans84@1688.com,84332,6/3/2022
294,Caleb Fontaine,cfontaine85@zimbio.com,92762,9/3/2022
295,Klarika Keynes,kkeynes86@devhub.com,52736,3/1/2023
296,Dedie Forsey,dforsey87@ibm.com,79142,11/4/2022
297,Lavinie Tollady,ltollady88@jigsy.com,41942,4/23/2023
298,Olive Shirer,oshirer89@adobe.com,76923,8/23/2022
299,Zoe Chiplin,zchiplin8a@bandcamp.com,94025,6/24/2022
300,Abbe Attyeo,aattyeo8b@w3.org,46988,6/12/2022
301,Archibaldo Tillyer,atillyer8c@nih.gov,30805,11/13/2022
302,Karel Brummell,kbrummell8d@nih.gov,75514,10/6/2022
303,Miof mela Bratchell,mmela8e@narod.ru,25611,7/3/2022
304,Glennis Lutton,glutton8f@paginegialle.it,87886,2/12/2023
305,Averil Bosma,abosma8g@msu.edu,95565,2/18/2023
306,Jorgan Boyett,jboyett8h@com.com,46620,3/30/2023
307,Ebenezer Gartery,egartery8i@technorati.com,54119,7/6/2022
308,Karney Mound,kmound8j@nydailynews.com,51444,12/10/2022
309,Fran Runcieman,fruncieman8k@walmart.com,72800,1/30/2023
310,Stephan Hospital,shospital8l@state.tx.us,53801,9/4/2022
311,Armin Kemmis,akemmis8m@mapy.cz,88353,7/15/2022
312,Matelda Clay,mclay8n@springer.com,28370,6/17/2022
313,Rey Matson,rmatson8o@ed.gov,97692,7/26/2022
314,Renaldo Paddell,rpaddell8p@wired.com,52406,12/3/2022
315,Caye Crowden,ccrowden8q@pbs.org,62611,9/11/2022
316,Alford Seabridge,aseabridge8r@techcrunch.com,67217,7/8/2022
317,Whitney Blakeborough,wblakeborough8s@timesonline.co.uk,34808,12/3/2022
318,Casper Waistell,cwaistell8t@fastcompany.com,83249,7/3/2022
319,Otho Cambden,ocambden8u@yahoo.com,33083,7/31/2022
320,Red Gyves,rgyves8v@diigo.com,89457,9/17/2022
321,Hort Tipperton,htipperton8w@amazon.co.uk,96967,4/28/2022
322,Vic Carnie,vcarnie8x@discuz.net,83372,4/26/2022
323,Doug Petican,dpetican8y@scribd.com,37114,2/22/2023
324,Ronnica Maiden,rmaiden8z@xrea.com,25354,2/17/2023
325,Kary Wadlow,kwadlow90@soundcloud.com,47388,5/29/2022
326,Dwayne Haddick,dhaddick91@admin.ch,35658,6/23/2022
327,Aubree Deverock,adeverock92@berkeley.edu,99632,7/21/2022
328,Arielle Edser,aedser93@cbslocal.com,60807,7/3/2022
329,Caesar MacGuiness,cmacguiness94@artisteer.com,47781,7/23/2022
330,Ida Ratazzi,iratazzi95@bandcamp.com,94731,11/30/2022
331,Gay Jachimiak,gjachimiak96@shareasale.com,95558,2/25/2023
332,Maxwell Avesque,mavesque97@hhs.gov,99537,6/16/2022
333,Dael Arnely,darnely98@wikimedia.org,52884,3/2/2023
334,Rik Cuttin,rcuttin99@discovery.com,83701,10/20/2022
335,Paquito Cullnean,pcullnean9a@jugem.jp,63512,2/24/2023
336,Penni Bernlin,pbernlin9b@bbc.co.uk,46440,3/27/2023
337,Rheta Welbrock,rwelbrock9c@blogs.com,51205,9/14/2022
338,Dorelia Sepey,dsepey9d@examiner.com,78819,8/9/2022
339,Arley McKilroe,amckilroe9e@google.com,42612,2/26/2023
340,Bogey Chaddock,bchaddock9f@opera.com,66355,11/17/2022
341,Edgar Godlee,egodlee9g@sakura.ne.jp,30176,12/6/2022
342,Delbert Herrema,dherrema9h@dion.ne.jp,95508,5/20/2022
343,Adelbert Karoly,akaroly9i@tmall.com,92400,7/22/2022
344,Genvieve Spoor,gspoor9j@slideshare.net,82193,8/2/2022
345,Noel Pattle,npattle9k@joomla.org,51985,2/6/2023
346,Lona Hanshaw,lhanshaw9l@youtube.com,60235,6/23/2022
347,Mirelle Blanko,mblanko9m@webs.com,90035,2/2/2023
348,Marieann Roussell,mroussell9n@reddit.com,89432,11/29/2022
349,Eliot Gentil,egentil9o@google.pl,29230,11/24/2022
350,Artemis Danshin,adanshin9p@skyrock.com,90224,3/16/2023
351,Emmalyn Fitzhenry,efitzhenry9q@netlog.com,71663,9/1/2022
352,Alick Fontell,afontell9r@reference.com,87942,3/25/2023
353,Levon Pembry,lpembry9s@hubpages.com,46318,1/8/2023
354,Bonnibelle Yurchishin,byurchishin9t@gizmodo.com,95708,2/15/2023
355,Devinne Nannini,dnannini9u@nydailynews.com,63999,10/15/2022
356,Elsa Merritt,emerritt9v@narod.ru,44752,10/8/2022
357,Eliza Drowsfield,edrowsfield9w@rambler.ru,52583,10/29/2022
358,Hershel Zebedee,hzebedee9x@geocities.jp,73236,12/21/2022
359,Mikel Letterick,mletterick9y@irs.gov,48457,7/9/2022
360,Elden Goldring,egoldring9z@sciencedaily.com,71217,11/10/2022
361,Lisbeth Newlands,lnewlandsa0@bloglines.com,87534,4/7/2023
362,Darline Overbury,doverburya1@lulu.com,40896,12/6/2022
363,Adiana Geroldo,ageroldoa2@ycombinator.com,97790,9/28/2022
364,Alexia Pimley,apimleya3@bbc.co.uk,60043,3/20/2023
365,Ambur Jados,ajadosa4@e-recht24.de,56615,5/5/2022
366,Kaela Dalton,kdaltona5@parallels.com,95485,4/21/2023
367,Roslyn Dove,rdovea6@newsvine.com,56840,9/18/2022
368,Clara Vanyarkin,cvanyarkina7@ftc.gov,26994,6/6/2022
369,Gonzales Clark,gclarka8@booking.com,84538,2/9/2023
370,Corbett Hillitt,chillitta9@webmd.com,76887,11/26/2022
371,Ame Sewell,asewellaa@psu.edu,99551,8/17/2022
372,Oralle Camfield,ocamfieldab@etsy.com,36687,1/14/2023
373,Gusti De Marchi,gdeac@qq.com,92210,12/29/2022
374,Clea Andreichik,candreichikad@wufoo.com,79919,6/1/2022
375,Malorie Kaaskooper,mkaaskooperae@networksolutions.com,67747,7/2/2022
376,Lucky Grogor,lgrogoraf@nature.com,40793,12/3/2022
377,Meryl Bracchi,mbracchiag@usa.gov,28835,12/30/2022
378,Justine Varne,jvarneah@wsj.com,58025,7/28/2022
379,Dicky Curedell,dcuredellai@theatlantic.com,67294,5/6/2022
380,Leonie Fairfoot,lfairfootaj@who.int,52702,3/20/2023
381,Dolli Stringer,dstringerak@columbia.edu,94972,5/29/2022
382,Wendall MacAndreis,wmacandreisal@amazon.co.jp,45368,11/23/2022
383,Sigrid Newlan,snewlanam@hugedomains.com,83556,3/6/2023
384,Abie Shorter,ashorteran@jigsy.com,85246,10/12/2022
385,Kim Wrankmore,kwrankmoreao@topsy.com,52709,11/11/2022
386,Patin Jepps,pjeppsap@blogger.com,29145,3/31/2023
387,Marius Willatts,mwillattsaq@comsenz.com,96134,7/13/2022
388,Derwin Lotte,dlottear@harvard.edu,90904,3/23/2023
389,Clementine Gheeorghie,cgheeorghieas@scientificamerican.com,56680,5/24/2022
390,Shannah Leggon,sleggonat@comcast.net,91669,7/17/2022
391,Klemens Downes,kdownesau@sitemeter.com,38788,3/8/2023
392,Kriste Obray,kobrayav@independent.co.uk,42735,7/3/2022
393,Mike Sedgefield,msedgefieldaw@europa.eu,52058,8/28/2022
394,Hanan Follitt,hfollittax@nymag.com,63387,3/1/2023
395,Randa Warlowe,rwarloweay@yahoo.com,78193,10/11/2022
396,Isis Exer,iexeraz@jigsy.com,91844,7/25/2022
397,Kippy Sumpner,ksumpnerb0@cam.ac.uk,62346,10/4/2022
398,Smitty Adriaens,sadriaensb1@google.it,66141,2/5/2023
399,Irena Surgeon,isurgeonb2@tumblr.com,53977,7/20/2022
400,Jorge Kinneir,jkinneirb3@buzzfeed.com,31031,9/22/2022
401,Riva Edwick,redwickb4@buzzfeed.com,34910,6/24/2022
402,Jerrine Cornilli,jcornillib5@thetimes.co.uk,52072,10/22/2022
403,Monro Dowry,mdowryb6@nationalgeographic.com,39809,4/1/2023
404,Brinn Pitt,bpittb7@blogtalkradio.com,37578,12/25/2022
405,Olivia O' Faherty,oob8@bandcamp.com,85232,12/5/2022
406,Jeffy Barnewelle,jbarnewelleb9@virginia.edu,41365,12/22/2022
407,Anabelle Tomaselli,atomaselliba@cisco.com,31806,3/16/2023
408,Juli Cassley,jcassleybb@wiley.com,57440,1/8/2023
409,Philippe Stockau,pstockaubc@nytimes.com,77177,2/25/2023
410,Dillon Yearns,dyearnsbd@shareasale.com,80356,4/22/2023
411,Allison Cahalan,acahalanbe@flickr.com,69028,3/15/2023
412,Ferne Keaves,fkeavesbf@cloudflare.com,65861,6/14/2022
413,Inness Bardwall,ibardwallbg@dailymail.co.uk,25276,3/29/2023
414,Aloin Christall,achristallbh@123-reg.co.uk,67364,8/3/2022
415,Maure Kent,mkentbi@mail.ru,40546,11/14/2022
416,Alvin Trimbey,atrimbeybj@eepurl.com,76661,2/28/2023
417,Marthena Noriega,mnoriegabk@networkadvertising.org,44968,6/14/2022
418,Cheryl Graves,cgravesbl@example.com,41928,8/15/2022
419,Colman Spenton,cspentonbm@wordpress.com,95009,6/30/2022
420,Sasha Easterby,seasterbybn@wikispaces.com,36666,3/22/2023
421,Parnell Witsey,pwitseybo@meetup.com,81936,8/27/2022
422,Lynnelle Garvan,lgarvanbp@php.net,61589,1/9/2023
423,Kaylyn Eldin,keldinbq@forbes.com,98188,8/27/2022
424,Kingston Chattoe,kchattoebr@blogger.com,71394,7/21/2022
425,Sawyere McRobb,smcrobbbs@illinois.edu,39854,1/26/2023
426,Cirilo Faughey,cfaugheybt@pbs.org,33082,2/3/2023
427,Ivar Trowler,itrowlerbu@parallels.com,90876,4/15/2023
428,Nady Boteman,nbotemanbv@plala.or.jp,47964,6/20/2022
429,Zolly Roan,zroanbw@wix.com,64923,11/27/2022
430,Walker Mapholm,wmapholmbx@hexun.com,74358,9/26/2022
431,Glyn Tizzard,gtizzardby@topsy.com,25580,5/2/2022
432,Bruno Mundow,bmundowbz@csmonitor.com,52585,6/8/2022
433,Janie Eberz,jeberzc0@posterous.com,35202,3/14/2023
434,Tildi Prater,tpraterc1@mapquest.com,28167,12/21/2022
435,Zarah Mullenger,zmullengerc2@cargocollective.com,74971,10/10/2022
436,Ashla Patterfield,apatterfieldc3@lulu.com,67417,8/22/2022
437,Malorie Gratten,mgrattenc4@bloomberg.com,90927,1/25/2023
438,Burt Bus,bbusc5@ifeng.com,99135,10/18/2022
439,Clive Kyd,ckydc6@liveinternet.ru,29823,9/17/2022
440,Kin Mullaney,kmullaneyc7@mayoclinic.com,94786,12/2/2022
441,Curtice Lax,claxc8@seesaa.net,26546,4/27/2022
442,Gabie Bryceson,gbrycesonc9@reverbnation.com,96754,3/10/2023
443,Woodie Schoular,wschoularca@ucoz.ru,61383,7/10/2022
444,Perkin Steptowe,psteptowecb@yahoo.co.jp,42422,2/8/2023
445,Moises Hessle,mhesslecc@wiley.com,92939,1/25/2023
446,Kora Tabor,ktaborcd@wufoo.com,94983,3/11/2023
447,Amos Barti,abartice@gov.uk,47773,1/20/2023
448,Antonietta Ommanney,aommanneycf@archive.org,25328,9/7/2022
449,Ophelie Lippard,olippardcg@wix.com,75712,4/16/2023
450,Amabelle Druce,adrucech@surveymonkey.com,81052,7/18/2022
451,Kip Lesley,klesleyci@wix.com,98249,9/21/2022
452,Doro Rizzillo,drizzillocj@prweb.com,37818,9/27/2022
453,Cordy Schutte,cschutteck@abc.net.au,93624,10/25/2022
454,Sidoney Laborde,slabordecl@europa.eu,76323,5/1/2022
455,Bobette Catherall,bcatherallcm@hatena.ne.jp,97448,9/7/2022
456,Kelcy Webben,kwebbencn@imgur.com,70433,12/26/2022
457,Salaidh Fever,sfeverco@jiathis.com,37723,12/4/2022
458,Town Aspland,tasplandcp@pagesperso-orange.fr,72506,1/22/2023
459,Papageno Gamlyn,pgamlyncq@mayoclinic.com,75817,3/10/2023
460,Ted Ludlom,tludlomcr@slate.com,93209,11/3/2022
461,Jorgan Bevis,jbeviscs@sbwire.com,70495,3/22/2023
462,Berti Rackstraw,brackstrawct@prnewswire.com,94608,1/18/2023
463,Emmalyn Readitt,ereadittcu@auda.org.au,31608,4/10/2023
464,Lucretia Fireman,lfiremancv@cisco.com,86068,10/26/2022
465,Eleanore Gilliatt,egilliattcw@mysql.com,96539,5/18/2022
466,Berenice Gosswell,bgosswellcx@google.fr,53475,6/4/2022
467,Dick Jindrak,djindrakcy@upenn.edu,29662,5/21/2022
468,Kevan Scotland,kscotlandcz@buzzfeed.com,73307,5/9/2022
469,Ally Sheddan,asheddand0@ox.ac.uk,47077,2/26/2023
470,Thornie Jagielski,tjagielskid1@printfriendly.com,59882,1/28/2023
471,Wilona Crofthwaite,wcrofthwaited2@senate.gov,31520,5/14/2022
472,Humfrey Blooman,hbloomand3@ezinearticles.com,43177,10/8/2022
473,Frederica Euston,feustond4@g.co,60303,4/21/2023
474,Barret Hunnywell,bhunnywelld5@statcounter.com,30089,10/20/2022
475,Ellie Arney,earneyd6@businesswire.com,42950,2/9/2023
476,Josi Crisall,jcrisalld7@addtoany.com,79683,3/19/2023
477,Lynn Myderscough,lmyderscoughd8@qq.com,58466,11/18/2022
478,Rubia Hune,rhuned9@cyberchimps.com,45659,4/15/2023
479,Calv Lockner,clocknerda@ow.ly,69884,8/5/2022
480,Peirce Turpey,pturpeydb@dailymail.co.uk,98967,7/9/2022
481,Mamie Reynoollds,mreynoolldsdc@livejournal.com,42559,1/13/2023
482,Wendeline Roback,wrobackdd@jimdo.com,48621,1/22/2023
483,Vaughn Eyrl,veyrlde@cdc.gov,81954,12/31/2022
484,Rick Tice,rticedf@jalbum.net,35238,6/23/2022
485,Tripp Beedon,tbeedondg@telegraph.co.uk,52182,9/7/2022
486,Nedda Kuhnhardt,nkuhnhardtdh@home.pl,71011,2/14/2023
487,Afton Wheldon,awheldondi@t-online.de,53829,8/29/2022
488,Valerye Kock,vkockdj@unesco.org,83249,2/27/2023
489,Jan Lattka,jlattkadk@homestead.com,94195,9/4/2022
490,Farlie Feldklein,ffeldkleindl@accuweather.com,44780,7/2/2022
491,Nicolai Linnane,nlinnanedm@e-recht24.de,91584,3/25/2023
492,Giraud Ludwell,gludwelldn@fotki.com,76465,12/16/2022
493,Rossy Voss,rvossdo@kickstarter.com,63416,10/7/2022
494,Gayle Delia,gdeliadp@webeden.co.uk,27778,10/7/2022
495,Shaun Castellini,scastellinidq@stanford.edu,27698,3/30/2023
496,Alejandro Wyldbore,awyldboredr@cbslocal.com,87626,12/21/2022
497,Madison Hodges,mhodgesds@hc360.com,90786,12/17/2022
498,Mureil Millmore,mmillmoredt@cloudflare.com,27683,1/4/2023
499,Morey Folley,mfolleydu@shutterfly.com,93831,7/23/2022
500,Curr Cattanach,ccattanachdv@1688.com,46325,9/30/2022
501,Casper Timmins,ctimminsdw@buzzfeed.com,41574,7/24/2022
502,Gilli Simecek,gsimecekdx@nifty.com,95558,5/22/2022
503,Trip Gendrich,tgendrichdy@163.com,80804,6/19/2022
504,Joscelin Ricket,jricketdz@geocities.com,47076,3/19/2023
505,Althea Cliffe,acliffee0@sphinn.com,97935,11/13/2022
506,Hildegaard Guye,hguyee1@ca.gov,58919,9/22/2022
507,Ruttger Copsey,rcopseye2@rambler.ru,88632,10/2/2022
508,Cordy Hales,chalese3@usatoday.com,31216,5/9/2022
509,Ania Salamon,asalamone4@quantcast.com,42626,10/11/2022
510,Louisette Howles,lhowlese5@bandcamp.com,41820,1/24/2023
511,Junia Treadwell,jtreadwelle6@mozilla.com,93016,5/21/2022
512,Ervin Dwerryhouse,edwerryhousee7@over-blog.com,51805,7/23/2022
513,Tan Hallstone,thallstonee8@google.ru,40955,10/15/2022
514,Cyndy De la Feld,cdee9@cdbaby.com,86976,5/5/2022
515,Irina Winckle,iwinckleea@nps.gov,29694,7/15/2022
516,Judith Mowsley,jmowsleyeb@dmoz.org,91300,4/16/2023
517,Rivi Fosdick,rfosdickec@cyberchimps.com,89277,5/1/2022
518,Issiah Kix,ikixed@angelfire.com,40755,7/14/2022
519,Monroe Goodinge,mgoodingeee@hibu.com,89283,9/13/2022
520,Sascha Semour,ssemouref@ow.ly,49386,1/6/2023
521,Dillon Grinstead,dgrinsteadeg@is.gd,38396,7/23/2022
522,Marcelle Stadding,mstaddingeh@ihg.com,94700,1/14/2023
523,Brianne Beebee,bbeebeeei@icq.com,56762,8/26/2022
524,Norry Janowski,njanowskiej@bbc.co.uk,26414,5/16/2022
525,Lezlie D'Adda,ldaddaek@ted.com,34111,8/28/2022
526,Patrizia Hallock,phallockel@bing.com,52162,2/7/2023
527,Ericha Wooff,ewooffem@fastcompany.com,67485,4/22/2023
528,Minette Medmore,mmedmoreen@mashable.com,99882,3/22/2023
529,Ambrosio Ghirigori,aghirigorieo@smh.com.au,62422,7/1/2022
530,Nicolas Partington,npartingtonep@sogou.com,80927,8/23/2022
531,Odelia Constantine,oconstantineeq@netlog.com,40436,5/11/2022
532,Robin Crush,rcrusher@hexun.com,30676,11/13/2022
533,Massimo Dye,mdyees@shinystat.com,42715,1/27/2023
534,Norah Leahair,nleahairet@altervista.org,46784,10/28/2022
535,Neely Towner,ntownereu@flickr.com,65468,4/7/2023
536,Mortimer Alldred,malldredev@pen.io,72270,4/1/2023
537,Lanny Chanson,lchansonew@google.com.hk,98124,12/16/2022
538,Isidor Parlott,iparlottex@mashable.com,93303,1/18/2023
539,Glennis Durtnell,gdurtnelley@weebly.com,25202,10/15/2022
540,Fina Brennenstuhl,fbrennenstuhlez@wikipedia.org,47358,4/23/2023
541,Panchito Reye,preyef0@imageshack.us,97874,1/21/2023
542,Bryna Grzegorecki,bgrzegoreckif1@mapy.cz,86999,11/11/2022
543,Marice Huskisson,mhuskissonf2@sciencedirect.com,25685,6/4/2022
544,Richardo Wadmore,rwadmoref3@unblog.fr,40532,3/18/2023
545,Jazmin Butts,jbuttsf4@google.de,45938,6/8/2022
546,Valle Blumson,vblumsonf5@examiner.com,78765,12/15/2022
547,Faunie Pyrke,fpyrkef6@latimes.com,44276,1/23/2023
548,Jilly Kimberly,jkimberlyf7@archive.org,49841,12/6/2022
549,Lydie MacAlees,lmacaleesf8@myspace.com,99967,1/31/2023
550,Maryanne Waumsley,mwaumsleyf9@uiuc.edu,47244,7/9/2022
551,Lukas Trowill,ltrowillfa@ocn.ne.jp,37906,9/9/2022
552,Alva Rennick,arennickfb@google.com,99251,5/23/2022
553,Abie Wicklen,awicklenfc@ucoz.com,27604,4/29/2022
554,Angela Wey,aweyfd@disqus.com,71074,11/3/2022
555,Stuart Rulton,srultonfe@etsy.com,50496,12/6/2022
556,Christoffer Marshal,cmarshalff@go.com,59283,12/15/2022
557,Vickie Lynds,vlyndsfg@nih.gov,54205,8/8/2022
558,Halette Rosenau,hrosenaufh@shinystat.com,94375,4/25/2023
559,Allissa Raiment,araimentfi@who.int,74793,8/18/2022
560,Karrie Steabler,ksteablerfj@businesswire.com,88690,4/28/2022
561,Jillian Wenden,jwendenfk@yellowbook.com,32301,11/12/2022
562,Carline Draxford,cdraxfordfl@buzzfeed.com,52312,12/28/2022
563,Estele Holdin,eholdinfm@economist.com,53219,5/21/2022
564,Noelani Broadey,nbroadeyfn@meetup.com,27704,9/11/2022
565,Lorene Rigglesford,lrigglesfordfo@histats.com,48233,1/8/2023
566,Dino Hendriksen,dhendriksenfp@amazon.de,96806,12/30/2022
567,Mallory Forsey,mforseyfq@issuu.com,25173,4/5/2023
568,Merrile Rooson,mroosonfr@cpanel.net,93037,12/19/2022
569,Nial Thake,nthakefs@homestead.com,29249,11/20/2022
570,Magdalene Corkett,mcorkettft@sakura.ne.jp,48370,12/25/2022
571,Araldo McGettrick,amcgettrickfu@dmoz.org,57507,3/12/2023
572,Fred Smogur,fsmogurfv@4shared.com,44931,8/26/2022
573,Barbie Roney,broneyfw@sphinn.com,45559,8/4/2022
574,Debi Krysztowczyk,dkrysztowczykfx@w3.org,74293,1/17/2023
575,Shawna Bendix,sbendixfy@fema.gov,28185,4/29/2022
576,Thurston Abramcik,tabramcikfz@columbia.edu,63862,5/29/2022
577,Reinhold Hantusch,rhantuschg0@theglobeandmail.com,29384,2/13/2023
578,Deeyn Garber,dgarberg1@thetimes.co.uk,78513,1/4/2023
579,Josselyn Pieter,jpieterg2@friendfeed.com,80644,4/29/2022
580,Wait Torregiani,wtorregianig3@europa.eu,25758,7/10/2022
581,Mordecai Dempsey,mdempseyg4@quantcast.com,67462,11/10/2022
582,Lita Risby,lrisbyg5@csmonitor.com,90691,8/11/2022
583,Barbi Rubinowitch,brubinowitchg6@wufoo.com,43484,1/2/2023
584,Maureene Marieton,mmarietong7@archive.org,69637,10/18/2022
585,Bruno Philliskirk,bphilliskirkg8@indiegogo.com,64000,10/9/2022
586,Arni Piotrowski,apiotrowskig9@t.co,38391,1/15/2023
587,Sybila Hocking,shockingga@usa.gov,75315,10/9/2022
588,Angeli Grimsdike,agrimsdikegb@xing.com,60698,6/16/2022
589,Karolina Alasdair,kalasdairgc@ucsd.edu,68389,2/25/2023
590,Geno Coke,gcokegd@va.gov,26987,3/24/2023
591,Eziechiele Pittson,epittsonge@disqus.com,45100,5/24/2022
592,Meade Tryme,mtrymegf@soundcloud.com,65444,7/23/2022
593,Monro Lindberg,mlindberggg@smugmug.com,88998,7/16/2022
594,Lurline Starcks,lstarcksgh@hhs.gov,87135,3/10/2023
595,Amalie Dany,adanygi@wikia.com,31557,11/6/2022
596,Elroy Grouer,egrouergj@addthis.com,61245,8/28/2022
597,Jennee Elsbury,jelsburygk@ask.com,97939,5/8/2022
598,Joanne Towne,jtownegl@illinois.edu,55859,2/6/2023
599,Dorey Hove,dhovegm@webeden.co.uk,35302,5/3/2022
600,Marlon Provis,mprovisgn@aol.com,42507,9/8/2022
601,Jarrad Monahan,jmonahango@paginegialle.it,57822,2/11/2023
602,Alyce Gray,agraygp@japanpost.jp,57253,2/22/2023
603,Judas Lecky,jleckygq@themeforest.net,58546,3/28/2023
604,Pavla Gaffon,pgaffongr@webmd.com,77582,5/29/2022
605,Merrill Le Bosse,mlegs@si.edu,70907,5/24/2022
606,Arlen Cheales,achealesgt@google.co.uk,96344,7/7/2022
607,Chandal Scamerden,cscamerdengu@networkadvertising.org,66979,7/22/2022
608,Marcellus Broader,mbroadergv@weather.com,55315,2/14/2023
609,Coralyn Caulfield,ccaulfieldgw@github.com,88567,1/18/2023
610,Christophe Mulford,cmulfordgx@google.it,41857,3/16/2023
611,Binnie Axe,baxegy@google.com.au,61214,9/20/2022
612,Mandy Crampsy,mcrampsygz@upenn.edu,45437,1/15/2023
613,Dodi Coulman,dcoulmanh0@unesco.org,64670,1/14/2023
614,Mendy Caghy,mcaghyh1@whitehouse.gov,78229,3/31/2023
615,Robina Beavan,rbeavanh2@answers.com,29951,3/31/2023
616,Richmond Tonn,rtonnh3@eepurl.com,53113,1/11/2023
617,Lorelle McDowall,lmcdowallh4@si.edu,84517,3/28/2023
618,Louise Bogaert,lbogaerth5@skyrock.com,90728,5/5/2022
619,Mackenzie Impleton,mimpletonh6@bizjournals.com,68572,7/21/2022
620,Ashbey Bridgewater,abridgewaterh7@facebook.com,63162,1/31/2023
621,Hilton Pentony,hpentonyh8@opera.com,52708,4/17/2023
622,Jammie Gonthard,jgonthardh9@ifeng.com,90969,6/14/2022
623,Monika Fardoe,mfardoeha@dailymotion.com,57707,2/4/2023
624,Lazarus Tankus,ltankushb@flavors.me,61321,6/28/2022
625,Susy Filippucci,sfilippuccihc@ebay.com,54856,7/11/2022
626,Vincents Karpets,vkarpetshd@devhub.com,88474,1/13/2023
627,Linzy Deans,ldeanshe@moonfruit.com,98790,8/25/2022
628,Herbie Purdey,hpurdeyhf@twitpic.com,39863,7/31/2022
629,Alvina Boadby,aboadbyhg@oaic.gov.au,71519,3/12/2023
630,Lennard Goodlett,lgoodletthh@acquirethisname.com,33997,1/31/2023
631,Ermanno Vlasov,evlasovhi@home.pl,73067,3/28/2023
632,Alleen Pimlett,apimletthj@xing.com,79732,2/28/2023
633,Freeman Cadigan,fcadiganhk@globo.com,77290,2/23/2023
634,Suellen Seeks,sseekshl@harvard.edu,53324,1/22/2023
635,Jackelyn Snyder,jsnyderhm@slideshare.net,56254,8/11/2022
636,Edita Cromblehome,ecromblehomehn@mozilla.com,29111,4/1/2023
637,Blayne Ewenson,bewensonho@bigcartel.com,52233,10/21/2022
638,Valera Toke,vtokehp@nyu.edu,86592,10/15/2022
639,Myrilla Sherwood,msherwoodhq@liveinternet.ru,97074,9/9/2022
640,Philip Bettinson,pbettinsonhr@free.fr,51651,9/15/2022
641,Philippa Janu,pjanuhs@nsw.gov.au,69756,8/31/2022
642,Daffi Spadazzi,dspadazziht@cam.ac.uk,61745,1/17/2023
643,Yorgos Onge,yongehu@jimdo.com,26351,10/27/2022
644,Valry Foottit,vfoottithv@surveymonkey.com,58496,5/27/2022
645,Laurena Olwen,lolwenhw@nsw.gov.au,34816,7/6/2022
646,Fiorenze Bibby,fbibbyhx@fc2.com,27901,2/8/2023
647,Jere Tritten,jtrittenhy@blog.com,45657,3/11/2023
648,Hercule Ropert,hroperthz@ted.com,58857,2/2/2023
649,Row Landa,rlandai0@netlog.com,78143,6/7/2022
650,Rhett Renison,rrenisoni1@noaa.gov,31169,2/11/2023
651,Meagan Brodeur,mbrodeuri2@blogspot.com,76605,5/4/2022
652,Aloysius Cordy,acordyi3@123-reg.co.uk,31160,12/23/2022
653,Wandis Bricket,wbricketi4@goo.gl,89139,4/7/2023
654,Sacha Poyser,spoyseri5@a8.net,75410,11/11/2022
655,Beth Nibley,bnibleyi6@state.tx.us,32305,3/29/2023
656,Sullivan Cheston,schestoni7@wordpress.com,41185,6/11/2022
657,Bondie Haste,bhastei8@mashable.com,39351,7/29/2022
658,Suzie Leadston,sleadstoni9@wordpress.com,83425,10/22/2022
659,Alvira MacConchie,amacconchieia@mac.com,56443,9/5/2022
660,Jackquelin Zannetti,jzannettiib@lycos.com,87515,6/2/2022
661,Samara Myner,smyneric@indiegogo.com,58217,1/12/2023
662,Randi Allcroft,rallcroftid@trellian.com,40925,1/3/2023
663,Luis O'Crowley,locrowleyie@census.gov,71545,4/8/2023
664,Vance McIvor,vmcivorif@unc.edu,60448,5/14/2022
665,Susann Lucian,slucianig@addthis.com,50004,1/31/2023
666,Jarret Hue,jhueih@themeforest.net,60381,1/15/2023
667,Paul Huey,phueyii@gmpg.org,49466,8/22/2022
668,Corissa Iddon,ciddonij@google.nl,53950,8/15/2022
669,Milt Bake,mbakeik@shinystat.com,51483,12/14/2022
670,Constantine Hess,chessil@biblegateway.com,70524,5/12/2022
671,Gilbert Belshaw,gbelshawim@earthlink.net,87520,1/8/2023
672,Mort True,mtruein@oakley.com,46565,6/21/2022
673,Lois Sedcole,lsedcoleio@weebly.com,26911,12/13/2022
674,Gwyneth Sawnwy,gsawnwyip@oracle.com,82140,2/24/2023
675,Alvina Siviour,asiviouriq@last.fm,38622,1/8/2023
676,Stephanie Cohan,scohanir@imgur.com,91315,8/25/2022
677,Noemi Nettle,nnettleis@abc.net.au,36457,8/21/2022
678,Chris Aaron,caaronit@reddit.com,97809,11/21/2022
679,Florence Dennerly,fdennerlyiu@usda.gov,78303,10/18/2022
680,Kriste Anthonsen,kanthonseniv@soundcloud.com,43063,11/17/2022
681,Robbert Follacaro,rfollacaroiw@ox.ac.uk,43099,8/7/2022
682,Daryl Gregs,dgregsix@disqus.com,81486,12/11/2022
683,Maible Jollands,mjollandsiy@google.com.br,86087,2/5/2023
684,Ayn Van Niekerk,avaniz@microsoft.com,30835,6/2/2022
685,Farley Peat,fpeatj0@prnewswire.com,88093,7/9/2022
686,Trixy Muslim,tmuslimj1@homestead.com,49851,6/17/2022
687,Jessie Maggs,jmaggsj2@wufoo.com,60673,10/28/2022
688,Meryl Chesters,mchestersj3@bing.com,82742,11/15/2022
689,Marabel Linde,mlindej4@imageshack.us,63536,9/12/2022
690,Basile St Angel,bstj5@statcounter.com,84429,6/1/2022
691,Krissie Ceccoli,kceccolij6@wired.com,73947,7/16/2022
692,Manolo Whitecross,mwhitecrossj7@goodreads.com,89266,11/26/2022
693,Teador Starking,tstarkingj8@ehow.com,54920,5/30/2022
694,Drud Coursor,dcoursorj9@seesaa.net,97592,8/4/2022
695,Jory Stokes,jstokesja@gmpg.org,82380,8/19/2022
696,Lenee Ambage,lambagejb@youku.com,37907,7/24/2022
697,Brand Lehrahan,blehrahanjc@cbslocal.com,64737,10/22/2022
698,Goober Duckitt,gduckittjd@omniture.com,87980,2/22/2023
699,Guenevere Cattemull,gcattemullje@barnesandnoble.com,59725,7/7/2022
700,Lory Roxbrough,lroxbroughjf@ehow.com,82106,7/10/2022
701,Stanfield Pietruszka,spietruszkajg@stanford.edu,62883,1/18/2023
702,Nester Klassmann,nklassmannjh@princeton.edu,98635,6/6/2022
703,Madelaine Mattiuzzi,mmattiuzziji@cam.ac.uk,78124,12/19/2022
704,Sibeal Tolossi,stolossijj@biglobe.ne.jp,96178,6/14/2022
705,Kalvin Totaro,ktotarojk@topsy.com,92651,11/4/2022
706,Rozamond Southcombe,rsouthcombejl@unc.edu,73208,2/26/2023
707,Geri Parradye,gparradyejm@moonfruit.com,71434,8/6/2022
708,Ryun Cullingford,rcullingfordjn@apple.com,55488,12/24/2022
709,Nadiya Dockwray,ndockwrayjo@google.ru,88321,10/23/2022
710,Caldwell Raddish,craddishjp@flavors.me,45494,8/16/2022
711,Roselin Stooders,rstoodersjq@quantcast.com,98874,6/25/2022
712,Ola Ankrett,oankrettjr@ucla.edu,54999,7/29/2022
713,Magdaia Killingsworth,mkillingsworthjs@tinyurl.com,35407,10/11/2022
714,Dolly Hutchin,dhutchinjt@angelfire.com,54283,4/17/2023
715,Henrietta Gomes,hgomesju@mit.edu,63374,3/3/2023
716,Salli Ballance,sballancejv@disqus.com,51461,11/15/2022
717,Elijah Brennan,ebrennanjw@moonfruit.com,40295,1/12/2023
718,Lindsay Hallgalley,lhallgalleyjx@lulu.com,31279,11/30/2022
719,Michael Murch,mmurchjy@google.co.jp,82906,3/25/2023
720,Malchy Mattholie,mmattholiejz@accuweather.com,90181,1/2/2023
721,Sibelle Slaughter,sslaughterk0@fema.gov,96505,7/18/2022
722,Sigismundo McPake,smcpakek1@posterous.com,36537,12/10/2022
723,Elissa Konertz,ekonertzk2@squarespace.com,30393,11/30/2022
724,Delcina Saxon,dsaxonk3@imgur.com,34279,9/7/2022
725,Shaun Rawcliff,srawcliffk4@disqus.com,27116,7/17/2022
726,Natty Keep,nkeepk5@mashable.com,60740,11/21/2022
727,Madeline Tomlin,mtomlink6@icio.us,81249,12/5/2022
728,Sigfrid Watson-Brown,swatsonbrownk7@dot.gov,27454,1/5/2023
729,Daffi Deneve,ddenevek8@economist.com,52079,5/14/2022
730,Roshelle Stanistreet,rstanistreetk9@dion.ne.jp,31282,7/19/2022
731,Salomon Cubley,scubleyka@umn.edu,42384,11/11/2022
732,Sibel Jasik,sjasikkb@sciencedirect.com,87815,9/7/2022
733,Katya Doblin,kdoblinkc@ted.com,51775,4/28/2022
734,Lemuel Bootyman,lbootymankd@ocn.ne.jp,89072,3/12/2023
735,Arleta Byass,abyasske@businessweek.com,39328,2/5/2023
736,Fredi Speak,fspeakkf@ask.com,60308,7/26/2022
737,Homere Suter,hsuterkg@wikimedia.org,73639,6/23/2022
738,Jephthah Challicombe,jchallicombekh@mapy.cz,82848,6/27/2022
739,Claire Clohissy,cclohissyki@ftc.gov,30652,1/24/2023
740,Felicio Brame,fbramekj@ftc.gov,64677,7/7/2022
741,Kirk Hrachovec,khrachoveckk@yelp.com,46761,11/10/2022
742,Maridel Poles,mpoleskl@soundcloud.com,92382,12/10/2022
743,Grete Blackden,gblackdenkm@mediafire.com,62631,4/18/2023
744,Guenevere Whittington,gwhittingtonkn@businessinsider.com,58437,3/27/2023
745,Decca Yearron,dyearronko@cloudflare.com,32774,5/3/2022
746,Katlin Northwood,knorthwoodkp@symantec.com,56696,1/8/2023
747,Kelcy Atter,katterkq@alibaba.com,39591,5/24/2022
748,Kacie Ritelli,kritellikr@github.io,66652,9/7/2022
749,Giselle Spriggin,gsprigginks@auda.org.au,87483,3/8/2023
750,Sile Kingescot,skingescotkt@ftc.gov,44383,6/16/2022
751,Brigid Twaite,btwaiteku@psu.edu,31545,3/17/2023
752,Roslyn Ebanks,rebankskv@imageshack.us,99374,7/25/2022
753,Kirby Blasl,kblaslkw@pagesperso-orange.fr,33029,12/2/2022
754,Alf Bales,abaleskx@ucsd.edu,72236,6/17/2022
755,Doreen Gilligan,dgilliganky@illinois.edu,42739,3/15/2023
756,Wolf Stonbridge,wstonbridgekz@uiuc.edu,48558,12/8/2022
757,Gabriella Castanares,gcastanaresl0@prlog.org,29270,2/26/2023
758,Torrey Wortley,twortleyl1@unicef.org,75398,2/12/2023
759,Giana Betham,gbethaml2@chronoengine.com,91511,8/30/2022
760,Carry Pashler,cpashlerl3@github.com,66333,10/4/2022
761,Panchito Tottle,ptottlel4@jimdo.com,87797,8/4/2022
762,Robby Tebald,rtebaldl5@nydailynews.com,92168,10/14/2022
763,Dimitri Westlake,dwestlakel6@technorati.com,45703,2/7/2023
764,Clair Rowlin,crowlinl7@macromedia.com,96481,4/2/2023
765,Leicester Lyddiatt,llyddiattl8@ebay.com,37885,8/22/2022
766,Angelica Bugdell,abugdelll9@gmpg.org,94586,8/31/2022
767,Felice Pala,fpalala@omniture.com,85414,12/31/2022
768,Idell Hannent,ihannentlb@pagesperso-orange.fr,33343,4/9/2023
769,Salvidor Fehely,sfehelylc@flavors.me,47906,10/17/2022
770,Nydia Millea,nmilleald@techcrunch.com,99435,11/8/2022
771,Nichol Kachel,nkachelle@t-online.de,63416,12/20/2022
772,Stacy Murtell,smurtelllf@tamu.edu,60001,10/9/2022
773,Amity Gurry,agurrylg@purevolume.com,93384,7/2/2022
774,Smith Weller,swellerlh@tripadvisor.com,95056,8/14/2022
775,Deloria Coll,dcollli@yellowpages.com,56343,6/10/2022
776,Anissa Shakshaft,ashakshaftlj@dailymail.co.uk,89939,9/15/2022
777,Valerye Ivakhno,vivakhnolk@mail.ru,69844,12/16/2022
778,Quintus Ferneley,qferneleyll@addthis.com,75480,10/20/2022
779,Patton McGuirk,pmcguirklm@google.fr,63035,8/17/2022
780,Torrin Nance,tnanceln@cbc.ca,93043,2/12/2023
781,Meredith Yourell,myourelllo@ucsd.edu,30682,6/8/2022
782,Joelle McDougall,jmcdougalllp@huffingtonpost.com,99970,3/12/2023
783,Bell Cameli,bcamelilq@rediff.com,57544,12/16/2022
784,Clark Layton,claytonlr@parallels.com,53660,4/25/2023
785,Guido Gregolin,ggregolinls@nydailynews.com,52637,4/12/2023
786,Gabbie Poff,gpofflt@usgs.gov,74288,1/16/2023
787,Marilin Bott,mbottlu@bloglovin.com,82534,2/27/2023
788,Baryram Aupol,baupollv@nih.gov,67206,8/27/2022
789,Billi Faherty,bfahertylw@wsj.com,99969,8/15/2022
790,Adair Tourry,atourrylx@wunderground.com,42497,6/3/2022
791,Nilson Trayling,ntraylingly@cam.ac.uk,75667,12/26/2022
792,Arel Drewett,adrewettlz@4shared.com,82603,6/21/2022
793,Kitti Ewins,kewinsm0@biglobe.ne.jp,89546,5/1/2022
794,Sharona Sterling,ssterlingm1@example.com,75723,1/21/2023
795,Chase Langfat,clangfatm2@ning.com,60050,11/26/2022
796,Cirstoforo Bewicke,cbewickem3@businessinsider.com,72774,11/25/2022
797,Andras Colbourn,acolbournm4@goo.ne.jp,50516,5/3/2022
798,Wilona Dayer,wdayerm5@hud.gov,97309,10/1/2022
799,Derek Trank,dtrankm6@mediafire.com,82974,5/19/2022
800,Cari McGooch,cmcgoochm7@tiny.cc,70100,6/3/2022
801,Alexio Zohrer,azohrerm8@examiner.com,57367,4/12/2023
802,Matthiew Sandercock,msandercockm9@hatena.ne.jp,57125,6/23/2022
803,Ella Yakov,eyakovma@prweb.com,70184,9/8/2022
804,Kassandra Marsie,kmarsiemb@livejournal.com,89103,5/20/2022
805,Nadine Lardner,nlardnermc@netlog.com,95623,4/4/2023
806,Trudey Petkovic,tpetkovicmd@wisc.edu,61497,7/22/2022
807,Sonnnie Bollon,sbollonme@cloudflare.com,27770,11/8/2022
808,Storm Shortan,sshortanmf@vinaora.com,29323,5/12/2022
809,Anitra Abbati,aabbatimg@icio.us,27402,6/19/2022
810,Jacquie Sharrocks,jsharrocksmh@tripod.com,25159,6/30/2022
811,Abdel Fetterplace,afetterplacemi@pagesperso-orange.fr,75264,1/21/2023
812,Mycah Reah,mreahmj@dion.ne.jp,33265,11/23/2022
813,Chico Durrad,cdurradmk@cbc.ca,87770,12/23/2022
814,Leoline Marushak,lmarushakml@un.org,91183,4/28/2022
815,Dian Lawful,dlawfulmm@zdnet.com,42305,9/10/2022
816,Carlotta Cashin,ccashinmn@apple.com,32611,3/16/2023
817,Elise Blueman,ebluemanmo@oaic.gov.au,43299,4/12/2023
818,Ezri Southey,esoutheymp@about.me,94767,3/29/2023
819,Devland Dowrey,ddowreymq@prweb.com,33608,10/14/2022
820,Doralyn Reynish,dreynishmr@thetimes.co.uk,44052,1/31/2023
821,Matti Kellington,mkellingtonms@list-manage.com,27093,5/29/2022
822,Rudiger Brigden,rbrigdenmt@ebay.co.uk,51403,11/28/2022
823,Karisa Gildersleeve,kgildersleevemu@auda.org.au,64232,3/14/2023
824,Freida Gremane,fgremanemv@slate.com,52693,5/15/2022
825,Danni Sauter,dsautermw@artisteer.com,41192,12/11/2022
826,Mickie Woodson,mwoodsonmx@indiegogo.com,32813,10/9/2022
827,Jude Lowdeane,jlowdeanemy@wsj.com,73943,4/8/2023
828,Sherye Brundle,sbrundlemz@mozilla.com,76895,1/9/2023
829,Robinett O'Kynsillaghe,rokynsillaghen0@flavors.me,64108,1/21/2023
830,Cara McGeffen,cmcgeffenn1@bbc.co.uk,52004,3/3/2023
831,Tandy Cowle,tcowlen2@dion.ne.jp,76484,4/22/2023
832,Jade Hearnshaw,jhearnshawn3@gravatar.com,71619,8/4/2022
833,Iolande Broadhurst,ibroadhurstn4@state.tx.us,70347,5/16/2022
834,Odey Huccaby,ohuccabyn5@artisteer.com,98566,7/7/2022
835,Alice Hambridge,ahambridgen6@oaic.gov.au,95097,1/1/2023
836,Olia Huffa,ohuffan7@newsvine.com,27020,11/2/2022
837,Gray Crolly,gcrollyn8@springer.com,79686,3/5/2023
838,Celka Lantiffe,clantiffen9@joomla.org,79389,5/23/2022
839,Perle Wield,pwieldna@baidu.com,88729,4/8/2023
840,Thibaut Gallehock,tgallehocknb@sina.com.cn,35738,4/23/2023
841,Lulita Dioniso,ldionisonc@ted.com,46763,2/11/2023
842,Elita Bram,ebramnd@tuttocitta.it,45363,2/6/2023
843,Cyb Dyzart,cdyzartne@biblegateway.com,97408,5/23/2022
844,Jenn Cushworth,jcushworthnf@oakley.com,46460,5/23/2022
845,Vania Sousa,vsousang@ask.com,95365,9/21/2022
846,Truman Bricknell,tbricknellnh@china.com.cn,40375,12/16/2022
847,Charil Coggill,ccoggillni@cloudflare.com,53377,7/11/2022
848,Mary Milne,mmilnenj@pen.io,77473,1/30/2023
849,Lilias Yielding,lyieldingnk@gnu.org,96344,4/23/2023
850,Granville Helstrom,ghelstromnl@archive.org,86093,9/5/2022
851,Phil Biddiss,pbiddissnm@nhs.uk,68904,8/6/2022
852,Maribeth Jedrychowski,mjedrychowskinn@gov.uk,65386,9/26/2022
853,Lona Sommer,lsommerno@wunderground.com,78554,2/11/2023
854,Appolonia Bentsen,abentsennp@businessweek.com,44094,11/13/2022
855,Willamina Galliard,wgalliardnq@hexun.com,74807,3/2/2023
856,Lucho Duff,lduffnr@desdev.cn,36677,8/31/2022
857,Gae Kitley,gkitleyns@shop-pro.jp,34287,5/10/2022
858,Angy Cashen,acashennt@nationalgeographic.com,52010,9/7/2022
859,Prudy Dudley,pdudleynu@geocities.com,52209,9/25/2022
860,Nike Robilart,nrobilartnv@creativecommons.org,46834,3/11/2023
861,Chancey McKimmie,cmckimmienw@mail.ru,28954,11/25/2022
862,Harley Gley,hgleynx@ehow.com,85858,7/3/2022
863,Lara Baud,lbaudny@moonfruit.com,83146,5/20/2022
864,Halie Droogan,hdroogannz@liveinternet.ru,81712,4/1/2023
865,Angie Anfrey,aanfreyo0@dell.com,53244,4/25/2023
866,Ruby Mussettini,rmussettinio1@dyndns.org,36151,10/1/2022
867,Michel Skelly,mskellyo2@nature.com,38009,10/30/2022
868,Danita Spinello,dspinelloo3@intel.com,82325,8/2/2022
869,Mindy Olivetti,molivettio4@europa.eu,29944,6/27/2022
870,Hieronymus Gilroy,hgilroyo5@diigo.com,40668,5/24/2022
871,Niels Gatecliffe,ngatecliffeo6@webeden.co.uk,26391,2/2/2023
872,Jimmie Ezzy,jezzyo7@usnews.com,41906,4/9/2023
873,Johnny Ackhurst,jackhursto8@networksolutions.com,60130,8/7/2022
874,Mikel Jewsbury,mjewsburyo9@friendfeed.com,25942,4/12/2023
875,Carilyn Archbald,carchbaldoa@oracle.com,92482,1/17/2023
876,Celene Guillford,cguillfordob@xinhuanet.com,68073,8/9/2022
877,Tomasina Koomar,tkoomaroc@istockphoto.com,62155,8/8/2022
878,Jo ann Galpin,jannod@un.org,50715,6/17/2022
879,Chryste Doutch,cdoutchoe@bbc.co.uk,65505,1/13/2023
880,Wylie Kermannes,wkermannesof@nasa.gov,88866,4/5/2023
881,Allys Granger,agrangerog@cnet.com,95594,5/9/2022
882,Dene Curtin,dcurtinoh@paypal.com,31006,9/24/2022
883,Kylynn Langeley,klangeleyoi@washingtonpost.com,41963,5/27/2022
884,Ham Gerardot,hgerardotoj@unesco.org,74193,11/2/2022
885,Gerik Aggiss,gaggissok@guardian.co.uk,36895,2/21/2023
886,Mannie Heber,mheberol@mtv.com,80938,5/23/2022
887,Dyanne Jentges,djentgesom@woothemes.com,96865,9/6/2022
888,Cyndia Fibbit,cfibbiton@examiner.com,75487,9/6/2022
889,Warde Olensby,wolensbyoo@ning.com,56760,8/30/2022
890,Guenevere Reuble,greubleop@cnbc.com,30004,3/13/2023
891,Elonore Pendergrast,ependergrastoq@ed.gov,36630,9/16/2022
892,Astrid Helliker,ahellikeror@surveymonkey.com,36475,11/7/2022
893,Chrissie Oppery,copperyos@japanpost.jp,48102,4/8/2023
894,Bartlet Emm,bemmot@liveinternet.ru,90544,8/12/2022
895,Judas Torn,jtornou@purevolume.com,92010,3/19/2023
896,Maxi Maha,mmahaov@cbslocal.com,30903,1/7/2023
897,Marietta Cecchetelli,mcecchetelliow@sbwire.com,68828,1/5/2023
898,Nevin Hayhurst,nhayhurstox@sogou.com,55777,4/6/2023
899,Candie Edser,cedseroy@techcrunch.com,27472,2/28/2023
900,Marcile Enrietto,menriettooz@instagram.com,48066,6/19/2022
901,Laurie Hacard,lhacardp0@blogger.com,70063,3/31/2023
902,Sabine Dunster,sdunsterp1@google.ru,26388,5/3/2022
903,Sammy Burrel,sburrelp2@google.com.hk,46420,8/11/2022
904,Iain Hudel,ihudelp3@pen.io,94987,4/7/2023
905,Jesselyn Currier,jcurrierp4@cbslocal.com,91464,12/20/2022
906,Skyler Rainger,sraingerp5@buzzfeed.com,51079,8/3/2022
907,Rosanne Fernandez,rfernandezp6@businessinsider.com,72552,7/14/2022
908,Rosie Fortie,rfortiep7@cargocollective.com,41913,11/19/2022
909,Bunnie Janczyk,bjanczykp8@studiopress.com,30024,9/12/2022
910,Barbie Newstead,bnewsteadp9@goodreads.com,98776,8/20/2022
911,Frazer Nutt,fnuttpa@elegantthemes.com,91505,1/8/2023
912,Diandra Poytheras,dpoytheraspb@github.io,55389,6/15/2022
913,Orville Kingswood,okingswoodpc@timesonline.co.uk,30387,10/8/2022
914,Web Normington,wnormingtonpd@lulu.com,28047,11/27/2022
915,Gabrila Dumbleton,gdumbletonpe@gizmodo.com,59037,12/3/2022
916,Cull Southgate,csouthgatepf@cocolog-nifty.com,64150,4/20/2023
917,Mallissa Covolini,mcovolinipg@google.fr,38256,4/3/2023
918,Margaretta Heck,mheckph@ebay.co.uk,49807,1/27/2023
919,Lorna Pawelek,lpawelekpi@twitpic.com,76699,3/19/2023
920,Kyle Cabrales,kcabralespj@google.fr,96698,3/7/2023
921,Filip Crafts,fcraftspk@spiegel.de,73423,1/1/2023
922,Emelyne Vassel,evasselpl@dyndns.org,52602,1/15/2023
923,Carrissa Burvill,cburvillpm@economist.com,78135,7/3/2022
924,Sapphira Ashelford,sashelfordpn@sciencedaily.com,69521,1/30/2023
925,Vivianna Ewestace,vewestacepo@last.fm,68838,6/28/2022
926,Donall Struther,dstrutherpp@mail.ru,25508,9/25/2022
927,Darsie Sailer,dsailerpq@foxnews.com,38823,1/31/2023
928,Florence Christoffe,fchristoffepr@myspace.com,62028,2/25/2023
929,Nealy Le Prevost,nleps@com.com,99829,5/14/2022
930,Rickard Blackler,rblacklerpt@nasa.gov,36809,6/3/2022
931,Cosmo Pettet,cpettetpu@mlb.com,75562,7/24/2022
932,Lloyd Faunt,lfauntpv@is.gd,36244,9/5/2022
933,Rinaldo Wardhough,rwardhoughpw@slate.com,35502,10/24/2022
934,Stinky Lightewood,slightewoodpx@domainmarket.com,38804,8/27/2022
935,Leonardo Oglevie,logleviepy@salon.com,86682,10/11/2022
936,Gideon Mayberry,gmayberrypz@addthis.com,46224,12/30/2022
937,Ginnie Saggs,gsaggsq0@arstechnica.com,71370,8/19/2022
938,Perry Tyzack,ptyzackq1@flavors.me,45706,2/25/2023
939,Hestia Croke,hcrokeq2@seattletimes.com,96195,10/31/2022
940,Cyril Gioani,cgioaniq3@seattletimes.com,62998,12/6/2022
941,Glennie Sabban,gsabbanq4@blog.com,33229,7/9/2022
942,Ralina Purvey,rpurveyq5@nationalgeographic.com,49929,8/10/2022
943,Virgil Poulson,vpoulsonq6@dedecms.com,33754,4/8/2023
944,Nikoletta Maudling,nmaudlingq7@seattletimes.com,33434,4/20/2023
945,Jarib Rafe,jrafeq8@shinystat.com,86057,3/6/2023
946,Marylou Theodore,mtheodoreq9@amazon.de,35062,11/25/2022
947,Joycelin Lamshead,jlamsheadqa@msn.com,27032,10/19/2022
948,Tate Filson,tfilsonqb@cnbc.com,33235,10/4/2022
949,Jarrad Klassman,jklassmanqc@soup.io,74627,6/30/2022
950,Binni Tunnah,btunnahqd@biglobe.ne.jp,97300,11/16/2022
951,Magdalene Domenget,mdomengetqe@psu.edu,65384,12/10/2022
952,Igor Tweedy,itweedyqf@cbsnews.com,25246,5/9/2022
953,Hiram Lewsley,hlewsleyqg@instagram.com,89393,6/17/2022
954,Phylis Grigoroni,pgrigoroniqh@unc.edu,44132,1/22/2023
955,Lotte Johannesson,ljohannessonqi@cam.ac.uk,97707,1/30/2023
956,Floria Hacker,fhackerqj@toplist.cz,99511,1/14/2023
957,Eustace Suggey,esuggeyqk@slashdot.org,51346,4/14/2023
958,Lockwood Royse,lroyseql@umich.edu,91367,1/31/2023
959,Anderea O'Lochan,aolochanqm@va.gov,84001,4/27/2022
960,Erena Bennetto,ebennettoqn@baidu.com,35640,2/23/2023
961,Rea Daviot,rdaviotqo@unesco.org,80261,8/27/2022
962,Willey Rameaux,wrameauxqp@wisc.edu,59903,7/31/2022
963,Timi Greenshields,tgreenshieldsqq@illinois.edu,61289,10/8/2022
964,Flemming Ballantine,fballantineqr@histats.com,78605,8/31/2022
965,Con Lindelof,clindelofqs@ucoz.com,47169,12/28/2022
966,Zaneta Simner,zsimnerqt@cdc.gov,63270,11/12/2022
967,Lewiss Dotterill,ldotterillqu@usatoday.com,37883,11/29/2022
968,Victoir Bakes,vbakesqv@home.pl,98279,3/29/2023
969,Mandie Rapa,mrapaqw@comcast.net,51056,4/23/2023
970,Wat Haresnape,wharesnapeqx@aboutads.info,65692,9/12/2022
971,Vernor Durnin,vdurninqy@wikispaces.com,31243,11/16/2022
972,Sal Kelner,skelnerqz@qq.com,68979,12/3/2022
973,Albert Stares,astaresr0@histats.com,36862,9/16/2022
974,Lorens Beckingham,lbeckinghamr1@mapquest.com,90221,12/16/2022
975,Larry Kerrey,lkerreyr2@irs.gov,50932,9/15/2022
976,Anna-maria Wansbury,awansburyr3@imgur.com,38610,5/15/2022
977,Johan Cousen,jcousenr4@unicef.org,64943,6/10/2022
978,Raymund Comins,rcominsr5@free.fr,41384,1/12/2023
979,Emma Kitchenside,ekitchensider6@twitter.com,29448,10/9/2022
980,Vivie Berkley,vberkleyr7@mozilla.org,53676,8/1/2022
981,Myrtle Turbard,mturbardr8@aol.com,84375,8/28/2022
982,Gabby Euplate,geuplater9@deviantart.com,98012,10/6/2022
983,Kay Langstrath,klangstrathra@reddit.com,47314,5/5/2022
984,Giulio Stirgess,gstirgessrb@ucoz.ru,67537,12/1/2022
985,Birdie Stegel,bstegelrc@adobe.com,77693,9/5/2022
986,Paulita Storch,pstorchrd@spotify.com,75318,7/31/2022
987,Marv Girault,mgiraultre@apple.com,65713,2/8/2023
988,Paquito Andryushchenko,pandryushchenkorf@hhs.gov,69358,4/10/2023
989,Angelo Sannes,asannesrg@pagesperso-orange.fr,80828,12/12/2022
990,Jeromy Croasdale,jcroasdalerh@theguardian.com,86925,11/29/2022
991,Arlie McGaugan,amcgauganri@discovery.com,28438,8/31/2022
992,Tate Edleston,tedlestonrj@weibo.com,55260,4/27/2022
993,Karena McCrillis,kmccrillisrk@blogs.com,88258,11/12/2022
994,Evita Kynsey,ekynseyrl@reuters.com,56189,6/16/2022
995,Keefe Nutley,knutleyrm@shutterfly.com,81834,11/30/2022
996,Percy Rozalski,prozalskirn@cpanel.net,54803,2/22/2023
997,Gradeigh Satch,gsatchro@cargocollective.com,31011,2/12/2023
998,Daniella Laurencot,dlaurencotrp@studiopress.com,54130,1/17/2023
999,Orran Deval,odevalrq@shinystat.com,32396,4/29/2022
1000,Lion Skellington,lskellingtonrr@theguardian.com,70381,4/15/2023
